id,x_pos,y_pos,dist0,dist1,dist2,dist3,dist4,dist5,dist6,dist7,dist8,dist9,dist10,dist11,dist12,dist13,dist14,dist15,dist16,dist17,dist18,dist19,dist20,dist21,dist22,dist23,dist24,dist25,dist26,dist27,dist28,dist29,dist30,dist31,dist32,dist33,dist34,dist35,dist36,dist37,dist38,dist39,dist40,dist41,dist42,dist43,dist44,dist45,dist46,dist47,dist48,dist49,dist50,dist51,dist52,dist53,dist54,dist55,dist56,dist57,dist58,dist59,dist60,dist61,dist62,dist63,dist64,dist65,dist66,dist67,dist68,dist69,dist70,dist71,dist72,dist73,dist74,dist75,dist76,dist77,dist78,dist79,dist80,dist81,dist82,dist83,dist84,dist85,dist86,dist87,dist88,dist89,dist90,dist91,dist92,dist93,dist94,dist95,dist96,dist97,dist98,dist99
0,219,30,0,38,41,18,57,89,23,52,1,100,94,18,8,94,68,88,64,53,58,49,16,9,7,92,84,12,74,15,39,6,41,32,69,33,99,25,43,49,21,11,50,62,88,64,79,81,71,6,15,96,14,3,94,59,82,62,20,18,1,20,78,6,82,5,83,35,60,4,77,86,78,9,10,31,66,56,46,73,9,55,95,2,38,76,21,4,86,39,22,46,45,44,17,83,21,47,99,86,50,60
1,144,12,38,0,59,90,63,85,4,68,6,100,41,21,95,10,81,68,54,91,41,47,75,70,2,1,36,93,54,83,61,75,60,44,63,97,84,81,38,5,12,83,80,58,72,17,50,99,31,96,100,92,6,64,30,65,85,94,38,97,81,83,23,61,8,28,35,21,67,27,31,85,7,94,84,5,86,79,95,60,23,24,51,59,42,26,20,100,14,11,73,85,18,19,99,56,39,54,9,84,3,73
2,67,513,41,59,0,30,89,37,86,40,66,64,83,15,36,34,6,40,18,68,3,34,94,59,39,69,94,45,1,58,62,35,23,93,54,15,27,84,3,96,54,6,38,93,61,57,27,53,94,4,35,86,10,61,25,65,63,6,23,74,16,46,0,12,78,95,3,77,34,43,58,82,63,30,36,43,8,71,15,34,83,14,44,49,58,97,47,33,26,56,42,9,59,14,65,97,21,19,42,11,28,72
3,264,129,18,90,30,0,4,33,67,66,62,65,13,11,44,79,39,29,50,17,41,29,7,85,72,80,17,32,80,23,3,67,97,4,88,70,85,67,90,74,4,78,24,60,1,22,13,37,40,70,97,37,70,40,89,70,51,17,83,75,67,91,96,35,57,99,73,8,33,60,90,0,0,67,4,53,42,57,13,74,37,88,47,30,53,86,94,19,24,68,78,97,71,63,39,89,8,48,48,59,21,73
4,269,179,57,63,89,4,0,28,37,3,21,46,13,24,22,9,90,36,59,44,12,74,0,58,82,40,36,53,89,25,11,55,74,43,61,57,11,79,62,24,53,0,29,47,33,51,61,92,65,14,41,17,67,7,1,62,85,47,60,21,96,52,73,91,27,38,98,33,44,98,98,55,42,78,60,70,15,60,45,1,11,94,28,15,99,50,58,26,38,68,50,44,0,0,77,23,23,55,25,34,73,29
5,464,60,89,85,37,33,28,0,0,86,20,18,56,62,88,59,75,1,57,46,2,75,56,6,37,3,38,17,34,23,73,29,32,94,42,29,57,50,86,88,69,23,39,31,74,64,95,56,4,17,54,70,81,81,15,60,20,18,70,3,87,96,73,63,87,18,100,85,53,63,3,62,69,95,59,71,90,26,44,51,37,100,42,87,77,19,90,35,77,57,98,7,25,58,21,39,86,60,48,69,1,63
6,273,515,23,4,86,67,37,0,0,40,60,55,40,5,60,55,47,99,26,31,98,73,48,74,30,100,5,63,14,82,49,65,89,30,33,12,29,96,40,50,16,100,30,31,70,91,42,40,52,51,3,67,69,58,45,41,86,21,11,76,56,4,94,16,35,64,3,2,61,38,15,47,59,57,11,83,74,68,8,61,55,11,66,23,2,15,49,37,65,6,18,97,65,31,57,9,61,1,80,24,91,1
7,331,423,52,68,40,66,3,86,40,0,74,48,84,44,11,12,21,1,79,67,36,15,4,30,38,35,87,20,62,43,5,17,35,37,81,7,4,70,40,10,79,89,97,68,42,39,23,3,44,2,61,50,32,74,48,20,90,76,17,41,44,52,61,75,84,6,90,58,67,3,97,0,0,31,94,19,9,71,52,76,18,49,32,24,8,40,62,90,2,10,24,10,54,91,47,61,18,86,61,66,10,4
8,452,246,1,6,66,62,21,20,60,74,0,5,57,45,54,100,52,52,55,20,31,1,19,86,66,16,80,98,6,23,27,53,28,33,94,67,88,59,11,89,23,99,35,48,42,19,57,37,46,13,90,38,83,49,97,99,83,19,99,34,17,51,80,49,1,31,4,18,96,98,87,46,72,87,18,0,48,99,58,25,24,42,40,89,35,43,43,90,82,56,47,3,69,1,13,13,50,59,19,63,9,9
9,362,123,100,100,64,65,46,18,55,48,5,0,52,70,44,6,87,91,86,55,49,17,82,64,0,97,98,5,41,13,72,47,35,42,70,5,91,72,64,70,14,55,75,32,21,88,16,46,0,95,88,32,89,12,41,98,12,30,54,91,73,1,43,97,8,34,23,12,52,33,39,8,24,36,52,62,8,7,37,34,80,42,12,18,48,32,27,53,7,22,52,45,22,19,85,85,81,22,75,89,77,94
10,236,399,94,41,83,13,13,56,40,84,57,52,0,92,15,73,55,59,10,11,66,39,41,90,81,97,17,100,7,85,62,0,60,52,59,12,42,15,2,28,8,90,36,52,77,37,96,88,59,8,86,29,67,86,82,99,60,81,27,9,86,55,81,83,50,83,41,92,24,59,31,68,34,92,25,63,57,18,10,42,53,86,76,5,42,10,100,19,34,11,58,61,54,90,7,19,0,53,61,4,19,63
11,299,68,18,21,15,11,24,62,5,44,45,70,92,0,54,29,11,78,49,0,92,76,81,1,19,0,31,41,82,51,49,98,73,23,80,46,78,12,50,53,53,0,15,85,82,25,18,66,96,41,17,83,18,86,28,27,61,46,68,29,17,43,88,12,79,2,63,30,12,46,69,26,48,10,13,60,88,34,37,33,79,60,69,6,84,37,74,18,82,90,6,21,43,2,15,36,91,63,82,10,88,27
12,8,12,8,95,36,44,22,88,60,11,54,44,15,54,0,33,35,67,70,50,8,48,46,44,29,2,16,92,36,72,18,85,43,9,36,90,6,32,17,60,20,4,26,80,100,47,14,21,34,37,9,59,36,20,32,61,92,6,9,94,21,23,87,98,44,37,22,94,21,82,43,45,71,78,46,100,75,37,55,63,5,29,33,30,42,48,60,59,80,12,70,39,13,59,62,12,44,56,29,11,0,54
13,76,177,94,10,34,79,9,59,55,12,100,6,73,29,33,0,2,95,49,66,50,43,37,52,37,40,100,21,11,94,38,13,23,4,27,53,76,38,67,92,0,28,17,26,6,41,27,95,45,52,62,23,22,12,100,42,20,79,49,86,87,37,89,78,11,33,66,95,53,59,88,37,38,3,53,64,17,50,100,67,1,69,74,75,79,67,31,4,54,0,82,18,22,23,35,59,88,54,37,78,2,50
14,348,210,68,81,6,39,90,75,47,21,52,87,55,11,35,2,0,26,58,43,34,54,20,87,28,6,19,52,11,49,78,21,30,79,26,44,37,34,1,78,21,24,10,78,77,68,31,6,80,94,18,24,69,6,32,45,42,6,32,80,12,44,20,15,68,64,2,76,88,95,62,10,13,95,9,58,85,20,94,60,79,32,98,15,68,14,44,63,90,98,74,77,13,21,9,68,69,48,35,21,17,83
15,529,2,88,68,40,29,36,1,99,1,52,91,59,78,67,95,26,0,0,73,28,45,62,14,72,74,47,88,85,100,1,60,42,35,43,96,70,49,17,15,89,66,30,62,29,61,95,74,71,12,89,25,82,54,15,10,28,89,31,38,35,52,25,0,80,37,13,10,41,54,50,17,29,76,1,64,14,95,1,74,10,45,92,95,67,62,91,37,97,83,18,85,84,35,34,25,93,75,67,55,61,44
16,270,74,64,54,18,50,59,57,26,79,55,86,10,49,70,49,58,0,0,35,68,29,61,20,34,3,90,9,74,84,94,29,60,88,95,98,2,29,31,30,69,72,92,44,29,52,12,9,69,50,11,45,24,70,56,54,94,11,53,7,13,76,18,99,90,90,44,26,21,6,36,76,14,69,4,92,52,88,62,9,14,67,80,45,37,42,77,30,40,100,31,81,2,5,22,85,97,46,78,55,97,80
17,527,432,53,91,68,17,44,46,31,67,20,55,11,0,50,66,43,73,35,0,45,70,34,79,1,8,38,44,26,84,21,3,69,97,63,78,99,91,35,14,8,79,93,60,97,46,19,27,47,22,20,47,95,82,39,59,71,86,22,38,90,20,0,64,39,14,74,78,75,24,28,49,94,30,41,87,56,17,35,66,45,22,100,63,90,79,22,2,23,88,79,96,96,35,46,100,4,32,95,77,9,36
18,384,286,58,41,3,41,12,2,98,36,31,49,66,92,8,50,34,28,68,45,0,68,72,70,32,61,87,14,49,39,92,53,79,70,47,61,58,92,86,38,48,84,38,9,30,24,35,29,19,64,97,100,80,5,39,76,10,32,21,32,70,76,91,87,72,82,7,16,68,72,67,38,11,99,1,54,44,39,99,86,99,29,73,47,94,91,55,42,35,39,96,45,54,58,26,53,12,2,26,20,39,84
19,25,401,49,47,34,29,74,75,73,15,1,17,39,76,48,43,54,45,29,70,68,0,14,75,99,1,19,54,8,32,4,12,59,77,99,12,42,88,34,24,16,73,62,9,38,6,75,22,4,2,2,24,72,97,53,11,11,46,15,23,80,21,59,99,2,86,67,92,2,62,39,66,50,82,15,86,65,36,83,46,95,90,5,51,77,78,98,65,20,62,39,47,58,60,63,65,65,38,87,78,35,5
20,299,451,16,75,94,7,0,56,48,4,19,82,41,81,46,37,20,62,61,34,72,14,0,90,89,11,95,44,68,8,30,85,65,26,61,88,74,73,15,59,70,63,78,10,52,55,36,23,82,38,66,65,66,82,1,16,48,36,0,80,84,14,79,89,95,86,27,11,10,55,56,82,44,73,96,85,75,14,70,24,85,8,5,26,92,73,43,63,67,67,8,73,7,4,89,37,35,44,86,17,68,97
21,467,359,9,70,59,85,58,6,74,30,86,64,90,1,44,52,87,14,20,79,70,75,90,0,58,89,20,43,52,20,60,15,42,1,69,14,19,85,69,70,32,33,14,24,53,32,3,19,57,44,17,23,83,15,76,49,82,25,3,13,39,18,72,79,44,50,100,22,12,84,41,15,15,11,25,94,66,90,15,60,69,19,36,70,7,71,44,61,22,97,23,4,99,67,29,50,15,17,50,6,32,94
22,54,159,7,2,39,72,82,37,30,38,66,0,81,19,29,37,28,72,34,1,32,99,89,58,0,25,3,99,13,98,17,75,12,98,59,97,16,50,33,42,16,100,5,41,41,0,8,68,70,47,5,50,12,0,96,0,93,24,57,97,21,20,19,22,74,84,83,93,89,42,5,0,69,73,9,14,82,11,62,41,69,38,99,71,98,9,60,78,69,10,92,6,52,2,17,71,37,12,71,32,22,4
23,105,137,92,1,69,80,40,3,100,35,16,97,97,0,2,40,6,74,3,8,61,1,11,89,25,0,86,56,39,70,21,21,20,11,46,25,39,26,16,54,5,20,76,44,73,23,59,3,53,22,81,71,97,33,75,23,94,33,10,27,69,80,0,17,62,42,69,31,23,39,15,80,22,92,11,40,30,100,20,16,5,2,72,28,55,38,4,4,44,34,29,50,22,59,41,80,35,16,2,46,28,37
24,307,379,84,36,94,17,36,38,5,87,80,98,17,31,16,100,19,47,90,38,87,19,95,20,3,86,0,85,26,38,72,16,4,52,5,89,38,47,98,0,58,76,76,44,27,31,15,64,2,17,87,92,82,56,4,24,5,77,45,90,1,32,35,54,100,43,53,97,52,66,35,68,3,65,3,32,41,48,99,41,100,83,54,46,42,77,100,91,11,16,80,8,41,85,49,41,60,32,18,73,34,5
25,23,494,12,93,45,32,53,17,63,20,98,5,100,41,92,21,52,88,9,44,14,54,44,43,99,56,85,0,94,65,68,2,87,21,11,78,53,80,22,45,4,70,52,42,9,5,17,36,9,10,39,74,78,22,3,57,16,87,51,39,75,89,75,84,13,100,74,48,61,29,86,82,51,2,65,21,58,96,94,91,60,47,94,55,81,71,78,91,84,75,19,85,91,6,20,76,68,84,74,79,8,91
26,49,531,74,54,1,80,89,34,14,62,6,41,7,82,36,11,11,85,74,26,49,8,68,52,13,39,26,94,0,18,56,89,5,47,33,51,1,75,3,60,38,27,98,35,16,90,93,88,69,41,88,24,81,1,50,46,35,65,53,16,36,38,7,5,64,24,54,86,21,23,71,15,80,39,27,43,3,81,68,8,11,11,1,30,73,34,8,80,39,64,78,46,46,4,29,51,2,95,57,23,17,27
27,240,424,15,83,58,23,25,23,82,43,23,13,85,51,72,94,49,100,84,84,39,32,8,20,98,70,38,65,18,0,85,39,34,46,3,54,65,1,25,7,88,7,95,88,45,3,31,89,27,36,61,41,76,24,44,30,18,88,27,84,82,25,68,64,31,40,47,76,50,4,33,75,72,69,72,16,43,81,81,83,90,45,13,37,64,68,73,53,42,5,57,93,38,43,30,24,58,60,11,33,95,16
28,461,319,39,61,62,3,11,73,49,5,27,72,62,49,18,38,78,1,94,21,92,4,30,60,17,21,72,68,56,85,0,77,17,12,38,9,87,44,45,100,96,93,99,58,17,3,77,91,11,8,99,91,23,78,20,76,33,81,56,61,42,61,6,41,93,14,100,39,77,73,38,88,36,13,78,30,81,23,90,1,63,0,17,72,14,21,44,15,13,17,75,99,27,37,53,87,61,6,48,69,8,16
29,439,238,6,75,35,67,55,29,65,17,53,47,0,98,85,13,21,60,29,3,53,12,85,15,75,21,16,2,89,39,77,0,57,76,23,70,68,74,2,31,48,24,87,25,89,10,98,10,100,92,57,79,1,74,33,55,75,39,22,100,3,8,91,17,99,47,47,47,57,21,61,93,61,55,73,93,79,80,93,86,22,33,7,20,63,46,30,98,11,29,66,7,62,82,57,30,42,62,20,87,38,55
30,191,161,41,60,23,97,74,32,89,35,28,35,60,73,43,23,30,42,60,69,79,59,65,42,12,20,4,87,5,34,17,57,0,78,2,85,69,51,50,90,97,67,93,13,64,82,75,42,49,55,47,75,59,10,20,98,87,8,13,66,37,91,83,93,33,6,86,43,64,92,71,9,99,7,95,90,62,74,88,11,29,54,4,65,5,60,23,77,48,79,25,15,59,36,56,98,64,94,48,22,76,43
31,74,287,32,44,93,4,43,94,30,37,33,42,52,23,9,4,79,35,88,97,70,77,26,1,98,11,52,21,47,46,12,76,78,0,8,86,20,83,44,100,56,11,93,33,45,70,43,14,60,0,8,8,80,38,27,31,67,39,36,38,40,98,48,52,85,34,54,29,35,7,9,37,8,65,3,49,31,38,22,1,27,2,57,25,60,17,80,13,9,25,68,32,61,77,0,76,59,11,41,33,62,19
32,461,214,69,63,54,88,61,42,33,81,94,70,59,80,36,27,26,43,95,63,47,99,61,69,59,46,5,11,33,3,38,23,2,8,0,10,26,78,94,86,24,79,13,36,69,1,31,50,94,37,26,58,77,8,40,32,43,37,25,94,14,6,80,16,27,91,22,96,37,93,97,9,70,25,77,38,93,30,47,17,27,8,2,19,69,7,69,67,56,21,23,95,64,15,80,86,57,92,46,8,58,7
33,508,260,33,97,15,70,57,29,12,7,67,5,12,46,90,53,44,96,98,78,61,12,88,14,97,25,89,78,51,54,9,70,85,86,10,0,10,39,42,87,39,62,77,37,89,75,78,93,15,82,79,44,61,5,71,40,55,98,55,30,14,83,63,8,66,37,36,82,86,68,91,100,22,82,9,92,9,25,97,83,36,2,87,17,83,24,75,9,88,95,53,84,18,63,85,89,81,63,34,85,33,76
34,358,172,99,84,27,85,11,57,29,4,88,91,42,78,6,76,37,70,2,99,58,42,74,19,16,39,38,53,1,65,87,68,69,20,26,10,0,11,40,93,8,11,96,87,57,17,17,72,92,58,54,20,45,78,81,76,43,17,7,38,60,21,73,56,46,37,67,92,22,15,63,62,69,17,82,30,22,91,5,82,100,30,48,35,29,4,42,93,18,90,6,39,73,68,44,50,25,65,74,59,87,92
35,402,402,25,81,84,67,79,50,96,70,59,72,15,12,32,38,34,49,29,91,92,88,73,85,50,26,47,80,75,1,44,74,51,83,78,39,11,0,60,21,33,81,32,53,53,87,9,31,40,94,43,10,11,60,92,20,2,19,83,81,43,13,41,60,63,62,42,76,78,30,97,79,16,0,65,0,6,62,56,25,21,70,65,2,72,67,76,88,59,63,32,85,0,86,71,4,73,79,4,4,31,64
36,235,348,43,38,3,90,62,86,40,40,11,64,2,50,17,67,1,17,31,35,86,34,15,69,33,16,98,22,3,25,45,2,50,44,94,42,40,60,0,18,83,61,12,18,24,4,72,14,23,80,65,25,19,30,33,71,74,29,69,12,69,31,76,7,53,96,51,68,94,8,94,25,3,53,72,30,25,1,64,37,70,79,51,63,89,33,12,64,98,85,13,17,1,12,70,95,73,97,88,36,98,17
37,264,510,49,5,96,74,24,88,50,10,89,70,28,53,60,92,78,15,30,14,38,24,59,70,42,54,0,45,60,7,100,31,90,100,86,87,93,21,18,0,62,10,68,61,74,6,20,51,98,29,63,43,19,77,68,64,87,56,74,79,31,23,49,44,80,69,31,63,32,99,48,56,72,74,13,96,7,60,39,40,1,27,73,65,35,18,79,59,60,64,69,12,47,23,22,98,16,76,28,90,39,74
38,262,46,21,12,54,4,53,69,16,79,23,14,8,53,20,0,21,89,69,8,48,16,70,32,16,5,58,4,38,88,96,48,97,56,24,39,8,33,83,62,0,35,99,18,2,31,74,68,20,57,96,16,56,37,88,22,76,14,7,55,63,87,0,66,18,9,51,67,81,71,2,95,57,97,72,95,67,92,0,87,66,64,12,38,41,86,59,43,62,33,91,100,85,82,35,60,97,37,33,29,100,86
39,91,294,11,83,6,78,0,23,100,89,99,55,90,0,4,28,24,66,72,79,84,73,63,33,100,20,76,70,27,7,93,24,67,11,79,62,11,81,61,10,35,0,97,70,81,88,23,18,11,68,68,92,70,16,36,44,91,27,35,14,82,78,34,47,65,13,66,12,99,18,36,47,10,90,62,67,37,38,41,21,59,18,54,60,40,69,99,88,22,23,63,72,76,45,63,12,36,48,36,49,84,93
40,168,532,50,80,38,24,29,39,30,97,35,75,36,15,26,17,10,30,92,93,38,62,78,14,5,76,76,52,98,95,99,87,93,93,13,77,96,32,12,68,99,97,0,89,100,78,73,36,56,8,68,29,87,10,33,13,71,13,36,22,33,45,23,0,18,88,25,49,67,72,82,62,81,72,14,39,41,71,80,11,63,5,74,87,24,54,20,13,95,82,55,14,91,43,78,99,51,55,15,90,9,56
41,471,507,62,58,93,60,47,31,31,68,48,32,52,85,80,26,78,62,44,60,9,9,10,24,41,44,44,42,35,88,58,25,13,33,36,37,87,53,18,61,18,70,89,0,76,33,49,1,53,70,93,40,0,77,28,56,98,39,49,85,64,31,28,14,20,85,24,43,54,81,49,71,43,49,80,55,48,7,74,83,66,26,87,72,65,25,53,100,65,23,91,8,37,43,5,80,9,21,95,40,89,33
42,152,482,88,72,61,1,33,74,70,42,42,21,77,82,100,6,77,29,29,97,30,38,52,53,41,73,27,9,16,45,17,89,64,45,69,89,57,53,24,74,2,81,100,76,0,2,72,40,90,18,23,87,9,43,42,10,43,39,99,10,42,74,83,89,64,100,5,93,22,35,17,59,48,12,50,41,73,22,93,18,79,22,85,13,51,76,86,74,24,50,36,2,31,68,14,2,90,3,87,81,68,33
43,398,7,64,17,57,22,51,64,91,39,19,88,37,25,47,41,68,61,52,46,24,6,55,32,0,23,31,5,90,3,3,10,82,70,1,75,17,87,4,6,31,88,78,33,2,0,95,96,93,68,3,84,19,85,32,66,0,11,30,48,23,38,71,93,50,98,70,51,1,62,63,36,6,19,84,0,44,39,100,22,0,31,59,4,7,11,81,83,31,70,63,88,20,46,90,71,96,43,10,68,59,69
44,403,526,79,50,27,13,61,95,42,23,57,16,96,18,14,27,31,95,12,19,35,75,36,3,8,59,15,17,93,31,77,98,75,43,31,78,17,9,72,20,74,23,73,49,72,95,0,28,42,40,85,59,17,30,37,89,66,54,22,29,12,20,14,0,97,62,20,97,2,76,57,2,20,67,18,13,88,51,25,25,60,10,19,35,68,38,96,41,14,34,98,26,51,72,17,97,20,77,80,2,74,93
45,403,344,81,99,53,37,92,56,40,3,37,46,88,66,21,95,6,74,9,27,29,22,23,19,68,3,64,36,88,89,91,10,42,14,50,93,72,31,14,51,68,18,36,1,40,96,28,0,45,88,19,100,56,82,12,27,27,24,51,91,70,69,54,92,32,92,71,28,49,44,16,65,59,21,51,45,29,78,25,45,23,59,27,77,24,11,47,59,8,87,65,96,33,77,6,87,16,64,36,64,32,42
46,279,424,71,31,94,40,65,4,52,44,46,0,59,96,34,45,80,71,69,47,19,4,82,57,70,53,2,9,69,27,11,100,49,60,94,15,92,40,23,98,20,11,56,53,90,93,42,45,0,5,14,69,45,19,10,5,28,11,88,11,6,16,51,61,57,84,40,66,4,49,79,80,11,78,67,28,13,50,3,94,17,18,91,41,56,20,73,66,20,10,82,8,93,4,35,85,57,78,95,0,89,84
47,420,7,6,96,4,70,14,17,51,2,13,95,8,41,37,52,94,12,50,22,64,2,38,44,47,22,17,10,41,36,8,92,55,0,37,82,58,94,80,29,57,68,8,70,18,68,40,88,5,0,78,18,30,81,44,29,37,36,4,35,76,32,32,65,80,51,32,21,65,34,49,99,46,33,53,64,36,96,27,62,17,28,82,55,29,8,47,55,44,30,8,71,26,70,0,22,65,90,57,0,8,21
48,9,235,15,100,35,97,41,54,3,61,90,88,86,17,9,62,18,89,11,20,97,2,66,17,5,81,87,39,88,61,99,57,47,8,26,79,54,43,65,63,96,68,68,93,23,3,85,19,14,78,0,43,49,94,22,19,39,88,43,37,53,98,61,34,60,95,80,99,83,82,18,89,48,63,34,53,73,67,14,27,69,49,3,95,68,57,17,64,33,79,27,40,29,73,2,92,87,78,86,25,33,11
49,492,418,96,92,86,37,17,70,67,50,38,32,29,83,59,23,24,25,45,47,100,24,65,23,50,71,92,74,24,41,91,79,75,8,58,44,20,10,25,43,16,92,29,40,87,84,59,100,69,18,43,0,86,95,44,10,41,55,50,58,64,44,35,87,68,97,9,87,16,12,54,2,74,65,76,63,79,27,0,73,29,37,29,41,4,39,38,90,86,70,25,97,77,59,88,11,93,47,17,1,34,60
50,374,307,14,6,10,70,67,81,69,32,83,89,67,18,36,22,69,82,24,95,80,72,66,83,12,97,82,78,81,76,23,1,59,80,77,61,45,11,19,19,56,70,87,0,9,19,17,56,45,30,49,86,0,6,72,82,25,16,75,93,68,80,28,34,88,23,83,32,43,20,17,87,2,92,53,41,71,51,91,40,94,93,48,76,22,94,82,76,80,80,77,39,51,27,62,11,20,9,56,97,76,8
51,179,361,3,64,61,40,7,81,58,74,49,12,86,86,20,12,6,54,70,82,5,97,82,15,0,33,56,22,1,24,78,74,10,38,8,5,78,60,30,77,37,16,10,77,43,85,30,82,19,81,94,95,6,0,78,17,91,38,89,92,35,38,58,84,9,61,63,66,38,18,40,90,20,68,20,2,16,64,71,96,62,67,75,95,39,21,0,6,54,87,70,8,72,12,35,81,69,59,30,13,47,82
52,66,118,94,30,25,89,1,15,45,48,97,41,82,28,32,100,32,15,56,39,39,53,1,76,96,75,4,3,50,44,20,33,20,27,40,71,81,92,33,68,88,36,33,28,42,32,37,12,10,44,22,44,72,78,0,9,20,10,32,61,45,3,91,20,4,65,18,47,23,100,97,4,45,31,54,81,73,49,35,34,53,0,74,41,19,52,88,13,54,33,15,21,83,5,3,97,62,33,87,88,18,50
53,493,458,59,65,65,70,62,60,41,20,99,98,99,27,61,42,45,10,54,59,76,11,16,49,0,23,24,57,46,30,76,55,98,31,32,40,76,20,71,64,22,44,13,56,10,66,89,27,5,29,19,10,82,17,9,0,45,12,44,12,9,55,94,79,11,54,21,37,37,85,55,44,74,16,75,74,95,16,91,40,87,73,66,21,36,83,87,8,13,19,97,95,23,63,73,83,43,8,83,46,14,63
54,424,251,82,85,63,51,85,20,86,90,83,12,60,61,92,20,42,28,94,71,10,11,48,82,93,94,5,16,35,18,33,75,87,67,43,55,43,2,74,87,76,91,71,98,43,0,66,27,28,37,39,41,25,91,20,45,0,65,9,58,48,16,34,4,72,66,3,94,72,74,55,59,1,71,74,56,4,59,77,13,22,35,15,28,100,77,23,68,73,56,100,92,0,3,25,85,11,58,8,30,13,83
55,356,144,62,94,6,17,47,18,21,76,19,30,81,46,6,79,6,89,11,86,32,46,36,25,24,33,77,87,65,88,81,39,8,39,37,98,17,19,29,56,14,27,13,39,39,11,54,24,11,36,88,55,16,38,10,12,65,0,78,95,58,47,64,44,81,11,77,25,51,14,46,72,59,88,65,14,29,68,51,71,60,67,8,28,50,39,80,12,51,54,64,66,18,33,97,13,85,98,81,28,95,12
56,160,227,20,38,23,83,60,70,11,17,99,54,27,68,9,49,32,31,53,22,21,15,0,3,57,10,45,51,53,27,56,22,13,36,25,55,7,83,69,74,7,35,36,49,99,30,22,51,88,4,43,50,75,89,32,44,9,78,0,64,9,75,96,13,13,5,95,41,90,78,93,49,47,46,83,92,88,6,42,70,89,74,10,55,66,76,4,64,80,77,9,39,2,39,99,57,47,53,56,67,64,68
57,10,457,18,97,74,75,21,3,76,41,34,91,9,29,94,86,80,38,7,38,32,23,80,13,97,27,90,39,16,84,61,100,66,38,94,30,38,81,12,79,55,14,22,85,10,48,29,91,11,35,37,58,93,92,61,12,58,95,64,0,75,53,69,79,62,94,60,8,96,51,89,86,33,77,44,39,11,78,74,64,6,76,16,33,37,50,34,28,51,74,20,39,79,15,44,57,34,52,17,27,43,21
58,18,198,1,81,16,67,96,87,56,44,17,73,86,17,21,87,12,35,13,90,70,80,84,39,21,69,1,75,36,82,42,3,37,40,14,14,60,43,69,31,63,82,33,64,42,23,12,70,6,76,53,64,68,35,45,9,48,58,9,75,0,47,93,52,51,3,32,59,71,20,75,98,69,5,92,19,49,81,55,71,51,72,95,100,48,35,8,83,54,75,8,42,5,3,39,8,38,55,36,51,22,85
59,460,26,20,83,46,91,52,96,4,52,51,1,55,43,23,37,44,52,76,20,76,21,14,18,20,80,32,89,38,25,61,8,91,98,6,83,21,13,31,23,87,78,45,31,74,38,20,69,16,32,98,44,80,38,3,55,16,47,75,53,47,0,50,53,64,95,74,27,93,31,89,94,91,85,31,59,12,35,86,21,73,29,34,25,92,31,89,93,3,16,80,64,95,98,69,10,61,83,85,62,63,97
60,290,339,78,23,0,96,73,73,94,61,80,43,81,88,87,89,20,25,18,0,91,59,79,72,19,0,35,75,7,68,6,91,83,48,80,63,73,41,76,49,0,34,23,28,83,71,14,54,51,32,61,35,28,58,91,94,34,64,96,69,93,50,0,16,67,87,18,54,97,17,83,45,28,76,82,15,65,32,46,67,11,28,20,98,89,25,4,46,58,18,70,77,94,95,14,99,6,67,37,59,66,33
61,546,318,6,61,12,35,91,63,16,75,49,97,83,12,98,78,15,0,99,64,87,99,89,79,22,17,54,84,5,64,41,17,93,52,16,8,56,60,7,44,66,47,0,14,89,93,0,92,61,65,34,87,34,84,20,79,4,44,13,79,52,53,16,0,75,15,76,81,38,69,18,90,3,87,14,9,22,62,95,92,71,76,54,12,74,96,86,27,65,29,70,16,52,24,35,19,86,64,24,55,37,16
62,455,420,82,8,78,57,27,87,35,84,1,8,50,79,44,11,68,80,90,39,72,2,95,44,74,62,100,13,64,31,93,99,33,85,27,66,46,63,53,80,18,65,18,20,64,50,97,32,57,80,60,68,88,9,4,11,72,81,13,62,51,64,67,75,0,0,40,86,74,78,78,92,73,13,28,27,0,22,23,27,84,65,31,21,5,1,70,57,34,9,73,56,9,62,28,17,86,42,95,63,64,97
63,499,21,5,28,95,99,38,18,64,6,31,34,83,2,37,33,64,37,90,14,82,86,86,50,84,42,43,100,24,40,14,47,6,34,91,37,37,62,96,69,9,13,88,85,100,98,62,92,84,51,95,97,23,61,65,54,66,11,5,94,3,95,87,15,0,0,77,29,54,67,35,81,26,86,81,49,12,66,18,25,52,49,64,30,86,47,27,79,56,22,51,77,49,31,18,78,89,61,21,43,18,16
64,55,126,83,35,3,73,98,100,3,90,4,23,41,63,22,66,2,13,44,74,7,67,27,100,83,69,53,74,54,47,100,47,86,54,22,36,67,42,51,31,51,66,25,24,5,70,20,71,40,32,80,9,83,63,18,21,3,77,95,60,32,74,18,76,40,77,0,18,65,65,63,3,66,72,53,26,33,22,88,2,39,63,40,19,49,86,58,23,80,79,69,13,31,72,22,59,39,39,62,42,82,86
65,222,313,35,21,77,8,33,85,2,58,18,12,92,30,94,95,76,10,26,78,16,92,11,22,93,31,97,48,86,76,39,47,43,29,96,82,92,76,68,63,67,12,49,43,93,51,97,28,66,21,99,87,32,66,47,37,94,25,41,8,59,27,54,81,86,29,18,0,48,34,86,59,57,5,9,30,46,7,22,46,96,13,57,1,75,52,92,96,29,83,66,79,26,100,90,49,25,14,92,55,88,46
66,322,290,60,67,34,33,44,53,61,67,96,52,24,12,21,53,88,41,21,75,68,2,10,12,89,23,52,61,21,50,77,57,64,35,37,86,22,78,94,32,81,99,67,54,22,1,2,49,4,65,83,16,43,38,23,37,72,51,90,96,71,93,97,38,74,54,65,48,0,17,97,27,69,55,89,28,33,24,22,20,41,49,53,41,76,37,73,57,91,13,50,68,73,6,5,59,73,8,97,80,12,2
67,455,534,4,27,43,60,98,63,38,3,98,33,59,46,82,59,95,54,6,24,72,62,55,84,42,39,66,29,23,4,73,21,92,7,93,68,15,30,8,99,71,18,72,81,35,62,76,44,49,34,82,12,20,18,100,85,74,14,78,51,20,31,17,69,78,67,65,34,17,0,65,84,8,23,6,65,88,34,81,47,6,76,5,42,37,23,93,51,40,100,86,99,76,35,67,6,57,53,16,55,52,49
68,89,420,77,31,58,90,98,3,15,97,87,39,31,69,43,88,62,50,36,28,67,39,56,41,5,15,35,86,71,33,38,61,71,9,97,91,63,97,94,48,2,36,82,49,17,63,57,16,79,49,18,54,17,40,97,55,55,46,93,89,75,89,83,18,78,35,63,86,97,65,0,10,11,82,72,97,86,21,89,39,70,47,85,45,75,39,87,46,80,45,36,90,45,65,100,53,62,5,83,57,44,96
69,368,432,86,85,82,0,55,62,47,0,46,8,68,26,45,37,10,17,76,49,38,66,82,15,0,80,68,82,15,75,88,93,9,37,9,100,62,79,25,56,95,47,62,71,59,36,2,65,80,99,89,2,87,90,4,44,59,72,49,86,98,94,45,90,92,81,3,59,27,84,10,0,45,49,22,57,30,37,6,58,45,37,100,27,60,20,38,55,51,94,19,1,64,74,56,85,64,15,41,12,50,25
70,148,408,78,7,63,0,42,69,59,0,72,24,34,48,71,38,13,29,14,94,11,50,44,15,69,22,3,51,80,72,36,61,99,8,70,22,69,16,3,72,57,10,81,43,48,6,20,59,11,46,48,74,2,20,45,74,1,59,47,33,69,91,28,3,73,26,66,57,69,8,11,45,0,71,0,12,53,96,26,84,58,76,50,7,50,1,56,35,5,26,30,0,81,29,8,2,10,66,16,59,83,40
71,56,40,9,94,30,67,78,95,57,31,87,36,92,10,78,3,95,76,69,30,99,82,73,11,73,92,65,2,39,69,13,55,7,65,25,82,17,0,53,74,97,90,72,49,12,19,67,21,78,33,63,65,92,68,31,16,71,88,46,77,5,85,76,87,13,86,72,5,55,23,82,49,71,0,76,53,14,3,98,76,14,82,86,60,38,60,56,97,69,88,78,52,85,100,98,4,59,48,72,29,59,32
72,407,386,10,84,36,4,60,59,11,94,18,52,25,13,46,53,9,1,4,41,1,15,96,25,9,11,3,65,27,72,78,73,95,3,77,9,82,65,72,13,72,62,14,80,50,84,18,51,67,53,34,76,53,20,54,75,74,65,83,44,92,31,82,14,28,81,53,9,89,6,72,22,0,76,0,97,61,66,63,61,73,16,51,97,71,99,54,33,26,45,72,70,4,53,22,20,10,95,68,40,81,13
73,265,93,31,5,43,53,70,71,83,19,0,62,63,60,100,64,58,64,92,87,54,86,85,94,14,40,32,21,43,16,30,93,90,49,38,92,30,0,30,96,95,67,39,55,41,0,13,45,28,64,53,63,41,2,81,74,56,14,92,39,19,59,15,9,27,49,26,30,28,65,97,57,12,53,97,0,36,61,44,14,82,37,61,36,20,58,10,54,78,35,39,55,93,40,30,26,25,52,91,88,31,0
74,524,149,66,86,8,42,15,90,74,9,48,8,57,88,75,17,85,14,52,56,44,65,75,66,82,30,41,58,3,43,81,79,62,31,93,9,22,6,25,7,67,37,41,48,73,44,88,29,13,36,73,79,71,16,73,95,4,29,88,11,49,12,65,22,0,12,33,46,33,88,86,30,53,14,61,36,0,69,50,2,22,89,92,28,98,44,16,94,3,4,49,22,80,57,58,32,86,47,95,23,77,42
75,470,140,56,79,71,57,60,26,68,71,99,7,18,34,37,50,20,95,88,17,39,36,14,90,11,100,48,96,81,81,23,80,74,38,30,25,91,62,1,60,92,38,71,7,22,39,51,78,50,96,67,27,51,64,49,16,59,68,6,78,81,35,32,62,22,66,22,7,24,34,21,37,96,3,66,61,69,0,55,65,58,100,0,52,7,6,92,36,14,58,30,66,14,14,40,25,38,23,96,63,83,68
76,164,422,46,95,15,13,45,44,8,52,58,37,10,37,55,100,94,1,62,35,99,83,70,15,62,20,99,94,68,81,90,93,88,22,47,97,5,56,64,39,0,41,80,74,93,100,25,25,3,27,14,0,91,71,35,91,77,51,42,74,55,86,46,95,23,18,88,22,22,81,89,6,26,98,63,44,50,55,0,79,75,67,55,60,80,9,29,61,77,51,2,55,91,23,96,94,18,9,82,33,55,22
77,132,505,73,60,34,74,1,51,61,76,25,34,42,33,63,67,60,74,9,66,86,46,24,60,41,16,41,91,8,83,1,86,11,1,17,83,82,25,37,40,87,21,11,83,18,22,25,45,94,62,27,73,40,96,34,40,13,71,70,64,71,21,67,92,27,25,2,46,20,47,39,58,84,76,61,14,2,65,79,0,22,48,30,12,93,23,49,99,36,13,80,30,51,24,7,19,23,90,73,74,97,70
78,115,325,9,23,83,37,11,37,55,18,24,80,53,79,5,1,79,10,14,45,99,95,85,69,69,5,100,60,11,90,63,22,29,27,27,36,100,21,70,1,66,59,63,66,79,0,60,23,17,17,69,29,94,62,53,87,22,60,89,6,51,73,11,71,84,52,39,96,41,6,70,45,58,14,73,82,22,58,75,22,0,60,41,49,82,46,41,42,8,74,37,87,52,93,72,34,54,43,4,21,100,64
79,277,532,55,24,14,88,94,100,11,49,42,42,86,60,29,69,32,45,67,22,29,90,8,19,38,2,83,47,11,45,0,33,54,2,8,2,30,70,79,27,64,18,5,26,22,31,10,59,18,28,49,37,93,67,0,73,35,67,74,76,72,29,28,76,65,49,63,13,49,76,47,37,76,82,16,37,89,100,67,48,60,0,25,12,47,1,93,42,63,53,4,61,54,74,98,43,47,87,84,0,34,21
80,290,461,95,51,44,47,28,42,66,32,40,12,76,69,33,74,98,92,80,100,73,5,5,36,99,72,54,94,1,13,17,7,4,57,2,87,48,65,51,73,12,54,74,87,85,59,19,27,91,82,3,29,48,75,74,66,15,8,10,16,95,34,20,54,31,64,40,57,53,5,85,100,50,86,51,61,92,0,55,30,41,25,0,81,20,8,7,21,70,80,27,38,97,46,39,21,66,33,79,22,92,51
81,143,279,2,59,49,30,15,87,23,24,89,18,5,6,30,75,15,95,45,63,47,51,26,70,71,28,46,55,30,37,72,20,65,25,19,17,35,2,63,65,38,60,87,72,13,4,35,77,41,55,95,41,76,95,41,21,28,28,55,33,100,25,98,12,21,30,19,1,41,42,45,27,7,60,97,36,28,52,60,12,49,12,81,0,2,45,97,22,69,34,85,14,61,16,47,73,79,61,41,83,62,93
82,545,172,38,42,58,53,99,77,2,8,35,48,42,84,42,79,68,67,37,90,94,77,92,7,98,55,42,81,73,64,14,63,5,60,69,83,29,72,89,35,41,40,24,65,51,7,68,24,56,29,68,4,22,39,19,36,100,50,66,37,48,92,89,74,5,86,49,75,76,37,75,60,50,38,71,20,98,7,80,93,82,47,20,2,0,20,59,61,9,22,27,67,60,25,30,51,70,14,92,15,77,39
83,110,43,76,26,97,86,50,19,15,40,43,32,10,37,48,67,14,62,42,79,91,78,73,71,9,38,77,71,34,68,21,46,60,17,7,24,4,67,33,18,86,69,54,25,76,11,38,11,20,8,57,39,94,21,52,83,77,39,76,50,35,31,25,96,1,47,86,52,37,23,39,20,1,60,99,58,44,6,9,23,46,1,8,45,20,0,95,74,72,14,19,29,7,73,72,83,56,39,79,92,24,6
84,105,341,21,20,47,94,58,90,49,62,43,27,100,74,60,31,44,91,77,22,55,98,43,44,60,4,100,78,8,73,44,30,23,80,69,75,42,76,12,79,59,99,20,53,86,81,96,47,73,47,17,38,82,0,88,87,23,80,4,34,8,89,4,86,70,27,58,92,73,93,87,38,56,56,54,10,16,92,29,49,41,93,7,97,59,95,0,50,5,53,95,15,52,12,17,56,85,5,16,2,85,47
85,465,115,4,100,33,19,26,35,37,90,90,53,19,18,59,4,63,37,30,2,42,65,63,61,78,4,91,91,80,53,15,98,77,13,67,9,93,88,64,59,43,88,13,100,74,83,41,59,66,55,64,90,76,6,13,8,68,12,64,28,83,93,46,27,57,79,23,96,57,51,46,55,35,97,33,54,94,36,61,99,42,42,21,22,61,74,50,0,2,23,42,4,0,77,52,18,37,68,11,0,11,78
86,68,93,86,14,26,24,38,77,65,2,82,7,34,82,80,54,90,97,40,23,35,20,67,22,69,44,11,84,39,42,13,11,48,9,56,88,18,59,98,60,62,22,95,65,24,31,14,8,20,44,33,86,80,54,54,13,73,51,80,51,54,3,58,65,34,56,80,29,91,40,80,51,5,69,26,78,3,14,77,36,8,63,70,69,9,72,5,2,0,56,80,28,39,19,34,18,98,61,83,90,46,76
87,450,375,39,11,56,68,68,57,6,10,56,22,11,90,12,0,98,83,100,88,39,62,67,97,10,34,16,75,64,5,17,29,79,25,21,95,90,63,85,64,33,23,82,23,50,70,34,87,10,30,79,70,80,87,33,19,56,54,77,74,75,16,18,29,9,22,79,83,13,100,45,94,26,88,45,35,4,58,51,13,74,53,80,34,22,14,53,23,56,0,61,54,47,0,97,93,47,5,40,58,16,39
88,413,186,22,73,42,78,50,98,18,24,47,52,58,6,70,82,74,18,31,79,96,39,8,23,92,29,80,19,78,57,75,66,25,68,23,53,6,32,13,69,91,63,55,91,36,63,98,65,82,8,27,25,77,70,15,97,100,64,9,20,8,80,70,70,73,51,69,66,50,86,36,19,30,78,72,39,49,30,2,80,37,4,27,85,27,19,95,42,80,61,0,54,71,72,95,88,37,66,60,16,54,72
89,67,71,46,85,9,97,44,7,97,10,3,45,61,21,39,18,77,85,81,96,45,47,73,4,6,50,8,85,46,93,99,7,15,32,95,84,39,85,17,12,100,72,14,8,2,88,26,96,8,71,40,97,39,8,21,95,92,66,39,39,42,64,77,16,56,77,13,79,68,99,90,1,0,52,70,55,22,66,55,30,87,61,38,14,67,29,15,4,28,54,54,0,12,23,9,25,7,5,53,66,12,74
90,100,527,45,18,59,71,0,25,65,54,69,22,54,43,13,22,13,84,2,96,54,58,7,99,52,22,41,91,46,38,27,62,59,61,64,18,73,0,1,47,85,76,91,37,31,20,51,33,93,26,29,77,51,72,83,23,0,18,2,79,5,95,94,52,9,49,31,26,73,76,45,64,81,85,4,93,80,14,91,51,52,54,97,61,60,7,52,0,39,47,71,12,0,70,91,50,44,77,16,67,28,94
91,169,350,44,19,14,63,0,58,31,91,1,19,90,2,59,23,21,35,5,35,58,60,4,67,2,59,85,6,4,43,37,82,36,77,15,63,68,86,12,23,82,45,43,43,68,46,72,77,4,70,73,59,27,12,5,63,3,33,39,15,3,98,95,24,62,31,72,100,6,35,65,74,29,100,53,40,57,14,23,24,93,74,46,16,25,73,12,77,19,0,72,23,70,0,52,38,3,87,35,56,34,84
92,343,548,17,99,65,39,77,21,57,47,13,85,7,15,62,35,9,34,22,46,26,63,89,29,17,41,49,20,29,30,53,57,56,0,80,85,44,71,70,22,35,63,78,5,14,90,17,6,35,0,2,88,62,35,3,73,25,97,99,44,39,69,14,35,28,18,22,90,5,67,100,56,8,98,22,30,58,40,96,7,72,98,39,47,30,72,17,52,34,97,95,9,91,52,0,8,65,72,92,35,27,50
93,487,101,83,56,97,89,23,39,9,61,13,85,19,36,12,59,68,25,85,100,53,65,37,50,71,80,41,76,51,24,87,30,98,76,86,89,50,4,95,98,60,12,99,80,2,71,97,87,85,22,92,11,11,81,97,83,85,13,57,57,8,10,99,19,17,78,59,49,59,6,53,85,2,4,20,26,32,25,94,19,34,43,21,73,51,83,56,18,18,93,88,25,50,38,8,0,94,77,12,17,5,98
94,338,77,21,39,21,8,23,86,61,18,50,81,0,91,44,88,69,93,97,4,12,65,35,15,37,35,60,68,2,58,61,42,64,59,57,81,25,73,73,16,97,36,51,9,90,96,20,16,57,65,87,93,20,69,62,43,11,85,47,34,38,61,6,86,86,89,39,25,73,57,62,64,10,59,10,25,86,38,18,23,54,47,66,79,70,56,85,37,98,47,37,7,44,3,65,94,0,57,16,38,42,65
95,215,18,47,54,19,48,55,60,1,86,59,22,53,63,56,54,48,75,46,32,2,38,44,17,12,16,32,84,95,60,6,62,94,11,92,63,65,79,97,76,37,48,55,21,3,43,77,64,78,90,78,47,9,59,33,8,58,98,53,52,55,83,67,64,42,61,39,14,8,53,5,15,66,48,95,52,47,23,9,90,43,87,33,61,14,39,5,68,61,5,66,5,77,87,72,77,57,0,14,87,86,92
96,298,131,99,9,42,48,25,48,80,61,19,75,61,82,29,37,35,67,78,95,26,87,86,50,71,2,18,74,57,11,48,20,48,41,46,34,74,4,88,28,33,36,15,95,87,10,80,36,95,57,86,17,56,30,87,83,8,81,56,17,36,85,37,24,95,21,62,92,97,16,83,41,16,72,68,91,95,96,82,73,4,84,79,41,92,79,16,11,83,40,60,53,16,35,92,12,16,14,0,95,20,83
97,404,97,86,84,11,59,34,69,24,66,63,89,4,10,11,78,21,55,55,77,20,78,17,6,32,46,73,79,23,33,69,87,22,33,8,85,59,4,36,90,29,49,90,40,81,68,2,64,0,0,25,1,97,13,88,46,30,28,67,27,51,62,59,55,63,43,42,55,80,55,57,12,59,29,40,88,23,63,33,74,21,0,22,83,15,92,2,0,90,58,16,66,67,56,35,17,38,87,95,0,13,25
98,113,49,50,3,28,21,73,1,91,10,9,77,19,88,0,2,17,61,97,9,39,35,68,32,22,28,34,8,17,95,8,38,76,62,58,33,87,31,98,39,100,84,9,89,68,59,74,32,89,8,33,34,76,47,18,14,13,95,64,43,22,63,66,37,64,18,82,88,12,52,44,50,83,59,81,31,77,83,55,97,100,34,92,62,77,24,85,11,46,16,54,12,28,34,27,5,42,86,20,13,0,20
99,3,139,60,73,72,73,29,63,1,4,9,94,63,27,54,50,83,44,80,36,84,5,97,94,4,37,5,91,27,16,16,55,43,19,7,76,92,64,17,74,86,93,56,33,33,69,93,42,84,21,11,60,8,82,50,63,83,12,68,21,85,97,33,16,97,16,86,46,2,49,96,25,40,32,13,0,42,68,22,70,64,21,51,93,39,6,47,78,76,39,72,74,94,84,50,98,65,92,83,25,20,0
